epoch,loss,lr,mean_squared_error,val_loss,val_mean_squared_error
0,0.14522988034619225,0.05,0.01146114906296134,0.1371689334511757,0.008510239981114864
1,0.1409656423661444,0.05,0.008745795540097688,0.13716893792152404,0.008510240074247121
2,0.14096564203500747,0.05,0.008745795571141773,0.1371689334511757,0.008510239981114864
3,0.14096564186943902,0.05,0.008745795571141773,0.1371689334511757,0.00851024016737938
4,0.14096564120716518,0.05,0.008745795540097688,0.1371689334511757,0.008510239887982607
