epoch,loss,lr,mean_squared_error,val_loss,val_mean_squared_error
0,0.05914104761555791,0.01,0.01252441430464387,0.045477358251810075,0.008415279211476445
1,0.04089980518445373,0.01,0.008345034879166633,0.03560041841119528,0.007919940678402782
2,0.03425833286717534,0.01,0.00807333506643772,0.03350670337677002,0.007871974166482687
3,0.03224321646615863,0.01,0.008169314619153737,0.030557323712855577,0.007998780510388315
4,0.03055639979429543,0.01,0.008312041289173067,0.0292271938174963,0.008399564307183027
