epoch,loss,lr,mean_squared_error,val_loss,val_mean_squared_error
0,0.26883424311876297,0.01,0.02116094092838466,0.2605858236551285,0.01616727989166975
1,0.2624664282798767,0.01,0.016283975895494223,0.26058582961559296,0.01616728026419878
2,0.2624666650593281,0.01,0.01628397598862648,0.260585817694664,0.016167279984802007
3,0.26246662095189094,0.01,0.016283982172608374,0.2605858236551285,0.016167280077934266
4,0.2624790906906128,0.01,0.016288243997842074,0.2605858236551285,0.01616727989166975
5,0.26246673718094826,0.01,0.016283975951373576,0.260585817694664,0.016167279705405234
6,0.26246673926711084,0.005,0.016283975960686804,0.2605858236551285,0.01616727989166975
7,0.2624667389690876,0.005,0.016283976016566157,0.26058581173419954,0.01616727989166975
8,0.2624667400121689,0.005,0.016283975960686804,0.2605858236551285,0.01616727989166975
9,0.26246674090623856,0.005,0.016283976091071965,0.2605858251452446,0.016167280077934266
10,0.2624667377769947,0.005,0.016283976025879384,0.2605858206748962,0.01616728017106652
