epoch,loss,lr,mean_squared_error,val_loss,val_mean_squared_error
0,0.08580838511697948,0.01,0.01744646129431203,0.06712508600205183,0.015292102955281734
