epoch,loss,lr,mean_squared_error,val_loss,val_mean_squared_error
0,0.31178692139685155,0.01,0.02103827037848532,0.3069865956902504,0.019046079926192762
1,0.3090823271870613,0.01,0.019176103910431265,0.3069865882396698,0.019046080019325017
2,0.30908232659101487,0.01,0.019176104022189975,0.306986591219902,0.019046079833060503
3,0.30908232778310774,0.01,0.019176104031503202,0.30698658972978593,0.019046079833060503
0,0.11271452456712723,0.01,0.021557867154479028,0.09293149709701538,0.01864680666476488
1,0.0929950812458992,0.01,0.018746050857007503,0.09214309304952621,0.01859820056706667
2,0.09198781736195087,0.01,0.018682456891983747,0.08821635022759437,0.018664364889264106
3,0.08348825842142105,0.01,0.01844767739996314,0.08021940812468528,0.017964738607406616
4,0.07808310016989709,0.01,0.018073373064398764,0.0790730096399784,0.019029775448143483
